id,timestamp,pressure,humidity,co2_level,temperature,location,battery_level,status
1,2024-10-05 22:36:14,10,51.77,5604,30,data center,68,active
2,2024-12-06 15:27:36,93,42.6,7677,3,controlling center,36,inactive
3,2024-12-17 02:27:13,25,33.27,21484,14,factory,42,active
4,2024-11-26 10:24:38,2,77.45,19168,30,factory,11,error
5,2024-11-07 13:17:46,66,31.49,9247,8,data center,3,active
6,2025-02-26 13:46:07,63,81.79,5683,29,data center,10,error
7,2025-04-08 16:22:44,62,25.07,5749,31,data center,52,inactive
8,2024-11-17 07:27:07,54,35.52,17218,28,factory,30,error
9,2025-01-12 00:19:30,81,92.56,12424,19,data center,13,active
10,2024-08-20 00:28:34,34,25.65,6192,7,distribution center,12,error
11,2025-01-17 02:52:26,121,70.51,6439,8,warehouse,59,active
12,2024-06-24 03:05:33,92,51.67,13354,10,warehouse,5,inactive
13,2024-07-11 23:10:57,22,32.74,5086,24,warehouse,87,inactive
14,2024-04-26 03:02:01,69,14.31,23291,9,distribution center,77,inactive
15,2024-06-10 12:23:26,22,64.1,20994,16,distribution center,78,inactive
16,2024-06-12 15:48:14,9,9.27,3336,12,distribution center,46,active
17,2024-07-26 09:12:45,80,45.6,11410,37,factory,24,active
18,2024-10-28 17:55:49,119,38.9,7712,3,warehouse,54,error
19,2024-09-21 21:05:25,148,84.3,10280,8,distribution center,60,active
20,2025-02-07 19:25:54,32,44.99,8742,25,controlling center,10,error
21,2024-04-28 21:47:06,45,32.36,9144,40,warehouse,88,inactive
22,2025-03-07 03:29:13,82,2.02,10253,5,warehouse,33,active
23,2024-03-21 21:33:24,50,34.51,11338,6,data center,30,active
24,2024-05-20 13:21:53,140,19.81,16047,39,distribution center,100,active
25,2025-02-11 04:45:37,100,43.93,27444,1,controlling center,28,inactive
26,2024-06-14 23:52:01,43,69.1,18368,40,factory,62,error
27,2025-03-06 22:25:12,15,40.43,21534,8,controlling center,70,active
28,2024-11-26 13:55:34,111,44.26,20689,17,data center,7,inactive
29,2025-02-16 23:55:07,41,42.35,29923,28,warehouse,70,error
30,2024-09-12 14:08:27,87,27.56,26426,37,warehouse,81,active
31,2025-04-20 01:38:21,106,80.85,10755,37,warehouse,34,inactive
32,2025-02-20 04:01:38,105,72.75,25266,20,warehouse,10,error
33,2025-01-27 04:52:22,13,84.2,14362,23,warehouse,90,active
34,2024-06-17 03:02:30,100,17.2,7681,16,data center,48,inactive
35,2024-05-08 05:30:59,115,4.96,6546,10,factory,23,error
36,2024-06-19 00:07:16,111,50.89,18857,18,data center,40,inactive
37,2025-02-01 20:18:46,19,64.49,21550,37,factory,74,error
38,2025-03-18 11:43:07,117,69.28,13881,13,controlling center,36,inactive
39,2024-03-22 02:55:53,38,65.14,16813,5,controlling center,98,inactive
40,2024-05-02 18:44:12,149,37.72,2796,7,factory,60,inactive
41,2024-03-30 17:54:38,100,5.1,29392,14,factory,47,inactive
42,2024-04-21 22:00:01,35,37.15,6678,4,data center,68,error
43,2025-01-14 04:10:29,52,77.7,22953,21,controlling center,76,active
44,2024-11-24 15:43:03,115,60.43,24605,39,data center,66,error
45,2025-04-28 22:34:17,78,74.62,22310,4,controlling center,99,error
46,2024-05-25 15:33:57,144,7.87,15779,25,factory,80,inactive
47,2024-07-25 05:53:56,9,56.87,629,4,distribution center,66,error
48,2024-08-31 09:54:01,98,29.3,3542,4,warehouse,22,error
49,2024-05-26 19:08:31,13,25.22,4581,12,warehouse,8,error
50,2024-11-13 16:26:35,13,54.6,7321,15,data center,89,inactive
51,2024-04-19 13:01:29,9,72.28,7324,26,distribution center,84,error
52,2024-09-10 11:10:30,26,49.28,9940,24,data center,97,error
53,2024-10-21 13:36:35,65,63.27,13537,7,factory,96,error
54,2024-08-17 00:53:06,71,78.43,10263,39,data center,86,inactive
55,2024-10-08 23:27:27,53,87.7,8096,25,factory,61,error
56,2025-01-25 18:09:26,113,69.88,11756,12,factory,28,active
57,2025-04-28 01:18:40,31,20.34,3736,39,distribution center,80,active
58,2024-04-06 15:47:11,133,58.99,22620,16,controlling center,57,inactive
59,2024-08-23 07:17:51,103,7.2,17996,3,data center,67,error
60,2025-04-01 08:09:43,149,7.39,14071,3,controlling center,48,active
61,2024-12-15 23:37:44,85,32.34,16445,36,factory,65,inactive
62,2025-02-25 11:48:18,9,15.94,18652,25,factory,44,inactive
63,2024-10-12 13:17:33,3,71.99,18693,11,data center,90,inactive
64,2024-10-18 00:09:45,90,72.49,2094,31,distribution center,23,inactive
65,2025-04-27 18:27:03,113,20.89,1256,14,data center,6,error
66,2024-09-16 22:37:53,122,69.81,13428,24,warehouse,53,error
67,2024-10-06 11:19:57,33,37.32,9601,34,warehouse,69,inactive
68,2024-09-26 13:27:09,26,16.78,1828,15,warehouse,45,inactive
69,2024-12-22 00:12:03,69,11.52,16645,27,data center,92,inactive
70,2025-01-12 08:03:07,89,43.04,10889,4,controlling center,97,inactive
71,2024-09-26 18:33:00,21,1.06,385,38,data center,90,error
72,2025-02-23 10:00:13,59,1.8,23673,7,distribution center,81,error
73,2024-12-25 05:06:30,94,69.52,154,15,data center,73,active
74,2025-01-19 06:36:57,69,90.72,8320,5,factory,86,active
75,2025-02-09 20:04:05,32,97.33,6474,31,data center,43,active
76,2025-02-18 06:32:03,47,23.64,18393,5,controlling center,16,inactive
77,2025-01-28 00:14:03,148,66.03,10884,35,distribution center,57,active
78,2024-07-31 10:01:25,148,95.49,12836,20,data center,10,inactive
79,2024-12-28 01:36:34,113,71.66,4540,22,warehouse,98,error
80,2024-11-22 12:39:24,39,34.09,13383,32,data center,25,inactive
81,2024-06-04 03:53:47,48,84.29,22340,22,distribution center,30,inactive
82,2024-03-20 15:00:22,131,35.76,1873,38,controlling center,26,active
83,2025-01-14 15:18:04,72,14.17,22424,16,data center,78,inactive
84,2025-03-16 20:44:50,107,50.68,10802,40,controlling center,76,error
85,2025-03-16 00:43:47,28,27.16,19667,7,factory,34,active
86,2024-06-17 22:55:43,135,85.58,12074,36,warehouse,99,error
87,2025-03-03 00:41:05,101,6.31,28689,24,data center,70,inactive
88,2024-04-16 19:16:42,34,82.34,2593,35,controlling center,70,active
89,2024-04-11 18:01:41,62,78.98,2570,6,warehouse,51,inactive
90,2024-11-05 18:36:04,12,9.11,14075,30,factory,86,active
91,2025-01-27 10:57:37,148,85.12,19285,22,warehouse,45,active
92,2024-05-15 00:19:45,35,30.41,2253,26,data center,13,inactive
93,2024-05-20 13:21:08,58,44.96,3831,25,distribution center,55,error
94,2025-04-26 18:42:08,120,75.47,10598,11,controlling center,12,active
95,2024-06-22 22:25:14,60,8.85,1679,24,distribution center,14,inactive
96,2024-07-21 23:20:53,34,53.28,21574,40,distribution center,14,inactive
97,2024-03-20 07:20:33,133,44.72,26182,8,warehouse,37,error
98,2024-07-02 04:41:17,86,92.35,18962,32,factory,84,error
99,2024-08-28 14:44:14,94,78.05,18927,6,warehouse,43,error
100,2024-04-15 19:57:30,76,68.56,26710,37,controlling center,95,error
101,2024-09-22 18:25:48,17,19.96,14984,27,warehouse,7,error
102,2025-01-30 18:16:07,36,60.73,13315,17,controlling center,86,active
103,2025-03-31 01:58:44,115,47.69,29486,32,data center,95,error
104,2024-12-14 01:35:27,55,22.94,7677,22,warehouse,88,inactive
105,2024-10-25 03:19:57,37,49.93,7014,36,warehouse,47,error
106,2024-04-09 17:35:28,103,57.82,20182,2,data center,77,active
107,2024-11-29 16:31:00,125,62.9,19213,14,factory,27,error
108,2024-05-03 00:28:47,132,96.57,6136,32,distribution center,61,inactive
109,2024-08-05 21:55:07,58,51.98,12670,1,data center,39,inactive
110,2024-12-17 07:26:10,55,1.93,12880,3,warehouse,97,inactive
111,2025-04-10 15:27:57,56,90.39,22796,31,distribution center,86,error
112,2024-10-26 09:56:55,10,97.51,584,38,data center,51,active
113,2024-10-28 18:35:21,81,10.28,11292,22,distribution center,75,error
114,2024-08-28 15:37:50,40,5.25,12714,19,factory,46,error
115,2025-04-23 14:23:33,111,60.6,22954,1,distribution center,58,error
116,2025-04-22 20:38:52,113,25.02,15606,31,distribution center,14,error
117,2024-09-04 11:32:23,82,99.15,12603,22,factory,20,inactive
118,2024-06-27 02:17:28,80,89.13,11113,37,warehouse,1,error
119,2025-02-01 10:48:04,129,26.9,15793,26,controlling center,94,active
120,2025-04-03 02:20:45,96,86.05,7948,5,data center,55,error
121,2024-09-15 07:58:05,76,45.42,22878,14,factory,84,inactive
122,2024-07-20 02:13:37,25,56.5,2202,8,data center,26,error
123,2024-06-30 10:24:51,4,31.4,15711,32,warehouse,2,error
124,2025-02-05 18:36:12,99,81.78,11689,16,distribution center,57,error
125,2024-04-29 23:32:05,22,91.0,20718,12,distribution center,47,error
126,2025-03-22 21:37:39,24,60.5,29128,25,data center,9,error
127,2024-09-13 18:23:11,99,79.48,515,40,factory,72,active
128,2024-05-01 13:53:54,129,96.68,236,17,warehouse,70,inactive
129,2024-04-04 03:51:38,52,83.36,22634,8,data center,52,active
130,2024-08-30 11:55:01,110,17.89,25612,1,warehouse,100,active
131,2024-03-28 04:32:39,104,57.82,9571,23,warehouse,53,error
132,2025-04-26 03:23:00,16,49.54,28639,20,factory,75,inactive
133,2024-07-09 17:24:00,37,56.42,29277,3,distribution center,96,inactive
134,2025-03-06 17:24:19,143,25.96,22402,22,warehouse,39,active
135,2024-11-29 13:11:08,83,20.91,29818,10,warehouse,80,active
136,2024-06-29 03:17:49,67,44.79,28657,11,warehouse,30,active
137,2024-11-19 23:55:36,148,82.24,15531,27,data center,90,active
138,2024-04-23 19:11:56,70,8.04,12705,9,data center,71,inactive
139,2024-05-12 19:18:59,23,43.85,20568,37,factory,64,inactive
140,2024-09-24 10:34:31,146,85.66,17415,16,distribution center,54,inactive
141,2025-02-03 10:26:27,47,39.97,6010,32,controlling center,21,inactive
142,2025-03-04 21:14:53,65,50.39,3655,1,warehouse,66,active
143,2024-05-22 09:51:22,87,52.78,21030,40,data center,82,inactive
144,2024-11-04 00:32:11,10,68.18,21434,1,warehouse,80,inactive
145,2025-02-28 00:00:17,95,15.37,15352,12,data center,2,inactive
146,2024-04-01 06:12:25,16,72.27,14430,13,factory,70,active
147,2025-02-27 14:43:34,105,54.95,16781,27,distribution center,90,error
148,2024-12-26 20:20:52,60,2.12,22214,37,distribution center,85,error
149,2024-12-20 16:46:39,145,91.89,14304,2,controlling center,16,error
150,2024-05-03 08:17:39,111,70.88,17244,5,warehouse,97,active
151,2025-02-24 08:18:23,50,22.78,26558,10,distribution center,61,inactive
152,2025-01-14 18:07:58,57,30.09,27210,24,controlling center,72,error
153,2024-03-28 01:42:21,77,86.51,642,18,factory,32,error
154,2024-08-10 06:05:36,114,24.59,25817,16,controlling center,2,error
155,2024-10-22 12:22:02,75,10.75,23284,16,warehouse,29,active
156,2024-07-28 19:15:01,91,5.46,4219,38,factory,82,error
157,2025-01-15 02:28:01,41,53.11,8230,34,data center,29,error
158,2024-09-10 09:25:23,6,91.98,14256,21,distribution center,12,error
159,2024-07-27 21:46:13,138,90.64,6375,18,factory,52,active
160,2025-02-16 07:39:26,90,72.99,21998,13,factory,48,active
161,2025-03-09 20:28:08,136,5.71,221,9,distribution center,92,error
162,2025-02-03 20:50:35,68,6.92,9782,34,warehouse,51,error
163,2024-04-21 15:49:42,82,25.1,15335,36,distribution center,34,error
164,2024-09-06 18:55:48,143,36.85,3819,5,warehouse,23,active
165,2024-10-05 12:06:59,2,62.0,16071,8,warehouse,55,inactive
166,2024-05-21 11:02:36,59,23.58,26534,17,warehouse,33,active
167,2024-06-17 10:07:23,127,46.5,19129,14,data center,87,error
168,2024-11-18 09:07:57,63,59.49,28504,5,distribution center,21,error
169,2024-08-05 21:56:39,71,52.52,2243,36,factory,11,error
170,2024-05-13 05:40:02,119,93.75,23979,4,factory,37,error
171,2024-05-16 07:51:53,34,58.99,399,24,factory,79,error
172,2025-03-16 16:07:34,66,37.79,2117,35,controlling center,65,error
173,2025-03-20 15:07:45,55,25.59,11736,25,data center,30,inactive
174,2025-03-24 06:10:19,18,7.89,20014,33,distribution center,35,error
175,2024-06-25 08:31:50,66,23.38,16717,14,data center,6,inactive
176,2025-01-12 02:09:40,41,61.55,9878,35,warehouse,36,active
177,2025-04-15 14:49:31,136,31.22,16041,11,distribution center,48,active
178,2024-06-14 16:16:16,140,52.21,475,31,factory,99,inactive
179,2024-04-29 23:42:34,5,79.92,22016,8,factory,16,active
180,2024-05-23 22:40:44,71,64.2,27837,7,controlling center,70,inactive
181,2024-03-30 01:26:30,110,80.52,9776,22,warehouse,64,inactive
182,2024-05-15 22:05:05,144,99.93,17148,25,controlling center,89,active
183,2024-09-24 02:44:20,21,68.07,7264,29,controlling center,71,inactive
184,2024-12-01 16:22:18,44,91.16,15752,6,data center,1,inactive
185,2024-09-09 08:29:52,111,54.66,21801,10,warehouse,1,active
186,2024-04-30 06:47:40,85,74.17,23133,16,factory,30,error
187,2025-03-09 14:33:16,110,1.26,7327,35,factory,40,error
188,2024-05-06 02:00:15,144,76.86,25173,29,warehouse,10,error
189,2025-02-02 17:31:55,146,26.37,14560,18,controlling center,30,error
190,2024-09-16 14:49:48,137,56.62,294,26,warehouse,34,active
191,2024-09-17 08:49:01,112,28.48,10686,8,distribution center,55,inactive
192,2025-04-26 18:50:05,49,85.18,2750,12,data center,7,error
193,2024-09-16 17:59:08,91,13.68,15215,29,data center,72,error
194,2024-07-09 02:53:40,77,16.62,18593,4,warehouse,46,active
195,2024-08-25 17:09:47,32,99.04,8266,22,factory,72,active
196,2024-05-12 15:37:21,129,58.45,11342,33,controlling center,66,inactive
197,2024-10-08 14:23:15,119,3.38,5344,36,factory,14,error
198,2024-12-08 16:12:05,95,65.76,14261,7,factory,5,active
199,2024-09-02 19:28:32,58,61.62,4490,36,warehouse,73,error
200,2024-08-16 06:50:47,88,34.78,294,28,factory,2,active
201,2024-12-24 09:43:24,93,83.29,28724,24,controlling center,60,inactive
202,2024-07-18 16:21:56,149,6.74,6636,6,distribution center,13,error
203,2025-03-05 00:42:56,58,45.81,713,18,warehouse,82,active
204,2024-10-18 11:35:35,117,46.93,14516,32,distribution center,85,error
205,2025-01-15 04:10:32,85,65.77,26969,9,data center,70,inactive
206,2024-06-26 04:56:43,21,44.97,11756,1,warehouse,71,inactive
207,2025-01-19 09:19:59,55,68.75,15137,39,distribution center,74,active
208,2024-03-21 18:57:30,8,17.13,25825,39,data center,84,error
209,2025-02-03 13:38:01,35,95.25,28727,40,warehouse,38,active
210,2024-12-19 06:43:01,113,56.5,532,26,data center,94,error
211,2024-07-07 16:48:08,5,21.52,1472,1,distribution center,6,error
212,2024-09-10 16:16:19,51,71.29,25470,16,distribution center,73,error
213,2024-07-15 15:26:56,51,65.93,16408,10,warehouse,29,error
214,2024-03-29 03:02:49,63,16.91,5347,34,factory,15,error
215,2024-12-20 23:18:52,7,9.5,29191,3,distribution center,91,inactive
216,2025-04-16 22:42:18,15,71.67,23494,17,factory,94,error
217,2024-08-05 23:24:06,139,5.61,22887,17,data center,34,error
218,2024-04-16 23:52:45,48,70.75,19503,2,warehouse,14,inactive
219,2025-03-31 09:38:57,144,22.51,14707,9,data center,86,active
220,2024-07-14 07:30:12,97,70.69,15607,25,distribution center,2,inactive
221,2024-06-21 15:25:47,111,16.28,19621,37,distribution center,81,inactive
222,2024-07-02 05:57:06,56,56.48,19693,10,distribution center,53,active
223,2024-08-09 22:15:19,120,9.69,23372,37,warehouse,78,inactive
224,2024-06-17 20:01:11,33,69.27,11402,14,factory,28,error
225,2024-10-18 06:22:53,47,90.2,6173,8,warehouse,96,inactive
226,2024-04-26 22:09:11,46,56.69,10821,27,factory,23,inactive
227,2025-04-26 05:59:44,127,4.5,7999,20,distribution center,94,active
228,2024-12-27 19:32:10,57,30.63,28321,26,data center,73,active
229,2024-10-08 18:22:12,149,26.31,22867,33,factory,68,inactive
230,2024-07-28 17:29:14,18,82.39,11197,14,warehouse,54,inactive
231,2024-08-05 20:51:24,27,9.54,19692,9,data center,39,error
232,2024-06-14 23:57:49,126,2.63,20356,36,factory,97,inactive
233,2025-04-02 06:14:15,135,35.85,20477,12,warehouse,40,active
234,2024-10-04 23:57:58,127,99.1,15757,4,factory,37,active
235,2024-10-02 17:27:16,28,36.68,22892,29,factory,16,error
236,2025-02-23 02:46:59,66,78.57,21888,13,data center,23,error
237,2024-06-03 19:15:23,79,53.62,20609,30,controlling center,78,active
238,2024-12-26 09:13:19,119,83.71,1689,11,controlling center,47,error
239,2025-04-06 02:30:56,140,67.85,17781,32,data center,75,error
240,2025-04-04 04:38:26,14,55.1,13403,39,distribution center,62,active
241,2024-04-28 06:04:38,72,23.82,27784,25,distribution center,61,error
242,2024-08-08 18:59:53,147,60.61,28838,30,controlling center,34,active
243,2025-04-09 09:08:46,121,34.26,20053,25,data center,82,inactive
244,2024-12-25 06:01:32,45,91.2,19255,35,distribution center,2,error
245,2025-04-08 08:52:31,76,49.09,14909,33,distribution center,79,error
246,2025-02-07 11:19:52,111,78.75,14477,26,data center,85,active
247,2024-06-17 04:02:06,15,77.6,15651,38,warehouse,25,inactive
248,2024-06-26 04:26:51,20,18.37,8493,8,factory,33,inactive
249,2024-11-04 21:34:50,96,84.4,29351,12,warehouse,77,active
250,2025-02-27 04:21:12,18,73.14,22944,38,controlling center,70,error
251,2024-05-24 14:44:06,137,43.6,14278,3,data center,36,error
252,2025-04-16 07:12:25,63,3.29,12940,40,data center,45,inactive
253,2024-12-20 00:41:21,132,81.29,17317,24,data center,58,inactive
254,2025-04-14 21:20:46,66,40.69,16145,37,warehouse,61,active
255,2025-04-05 13:14:20,149,19.98,4936,31,data center,13,inactive
256,2025-03-28 04:28:08,100,68.17,15069,16,factory,12,active
257,2024-08-15 21:59:38,104,51.58,10078,35,data center,94,inactive
258,2025-02-20 08:03:28,81,82.83,97,18,warehouse,71,error
259,2025-03-01 09:08:25,114,70.03,29007,2,data center,98,error
260,2024-05-09 14:57:04,24,41.33,1584,6,controlling center,48,error
261,2024-09-13 19:44:57,125,96.02,11418,36,controlling center,22,active
262,2024-06-16 21:47:18,64,77.04,19839,36,distribution center,82,inactive
263,2024-03-20 23:14:48,8,97.42,27471,1,distribution center,92,active
264,2024-05-14 13:28:15,14,6.62,29474,26,distribution center,1,error
265,2024-10-11 23:25:19,13,48.9,24251,29,distribution center,32,inactive
266,2025-02-04 07:21:32,139,29.81,26030,8,distribution center,95,inactive
267,2024-10-04 21:28:35,64,12.44,20919,1,controlling center,90,active
268,2025-02-24 02:15:06,10,59.55,9032,33,distribution center,51,error
269,2025-02-19 01:11:43,87,60.44,2426,34,warehouse,1,inactive
270,2024-09-07 19:37:17,5,3.9,23431,13,factory,74,error
271,2025-03-01 22:24:46,77,2.28,24004,15,controlling center,64,active
272,2025-01-14 14:26:35,13,80.4,925,16,factory,99,inactive
273,2025-02-15 18:17:23,70,50.28,9730,23,data center,42,active
274,2025-02-21 14:18:10,103,38.13,12088,18,warehouse,84,active
275,2024-09-05 18:17:52,18,88.06,14519,15,factory,54,error
276,2025-04-04 01:22:38,120,77.73,24526,16,distribution center,29,active
277,2024-04-03 06:20:07,147,68.94,23813,17,distribution center,67,inactive
278,2025-01-08 05:38:57,24,15.4,4200,22,controlling center,80,error
279,2024-10-18 14:52:37,93,57.84,14678,29,data center,80,inactive
280,2024-11-19 01:10:48,28,6.76,26377,17,data center,47,error
281,2025-04-19 02:34:46,40,68.02,24252,11,controlling center,71,inactive
282,2024-12-14 02:45:48,121,98.05,24803,29,distribution center,30,inactive
283,2024-04-10 16:28:20,93,23.66,20104,4,factory,100,active
284,2024-05-16 23:37:19,145,64.19,9433,22,factory,50,inactive
285,2024-11-11 06:05:28,74,15.12,17212,35,distribution center,17,active
286,2024-09-02 06:54:45,138,52.1,23287,2,warehouse,55,inactive
287,2025-04-04 07:08:07,19,9.9,26235,38,factory,18,error
288,2024-10-17 17:48:35,41,3.29,3337,28,factory,89,active
289,2024-12-16 04:23:16,136,22.45,27118,40,data center,67,inactive
290,2025-02-01 08:22:54,130,6.74,751,2,warehouse,84,active
291,2025-02-14 04:13:12,96,42.8,28128,12,controlling center,65,inactive
292,2025-01-25 13:26:26,87,35.26,11292,26,controlling center,80,inactive
293,2025-02-20 02:46:30,120,1.91,2308,36,controlling center,45,error
294,2025-04-01 23:37:28,42,79.74,16434,9,factory,39,active
295,2024-11-14 00:52:08,131,11.98,3235,4,warehouse,17,active
296,2025-01-08 15:38:36,67,76.71,21571,13,data center,4,inactive
297,2024-08-19 22:53:01,104,63.74,24586,2,warehouse,10,active
298,2025-01-07 03:11:06,46,11.07,21842,23,warehouse,40,active
299,2025-04-12 21:11:42,36,92.24,7728,17,distribution center,46,active
300,2024-05-26 18:24:43,94,73.12,16415,6,distribution center,93,inactive
301,2024-03-22 23:37:24,49,73.82,5626,39,factory,93,inactive
302,2025-04-01 01:04:31,41,78.21,25584,1,distribution center,59,error
303,2024-12-13 13:48:39,126,24.48,27838,13,controlling center,100,active
304,2024-07-22 09:42:55,83,28.23,9724,24,controlling center,80,error
305,2025-04-05 03:59:02,139,93.59,26939,31,distribution center,2,active
306,2024-11-05 06:11:26,137,51.79,12828,17,factory,23,error
307,2024-11-18 11:06:27,110,74.83,23541,1,factory,80,error
308,2025-03-15 20:16:50,105,96.2,7035,8,factory,19,error
309,2024-05-30 19:33:38,30,43.42,44,37,warehouse,88,error
310,2024-11-16 15:05:16,129,20.69,25587,3,factory,36,error
311,2024-12-21 15:41:25,114,47.03,25325,5,distribution center,1,error
312,2024-12-20 03:50:49,63,42.67,15929,12,controlling center,54,error
313,2024-09-14 18:23:28,115,65.92,10997,17,factory,29,inactive
314,2024-04-16 13:34:59,96,32.4,10195,12,data center,52,error
315,2024-10-19 18:03:57,60,8.4,939,29,warehouse,25,active
316,2024-09-10 21:19:10,57,42.01,29105,24,factory,20,active
317,2024-07-21 23:39:21,5,21.29,22899,33,controlling center,68,active
318,2024-12-29 10:09:04,104,6.41,19165,27,distribution center,95,error
319,2024-05-31 03:25:39,21,12.19,26998,38,warehouse,4,inactive
320,2024-04-10 17:19:23,95,93.62,29642,2,factory,10,inactive
321,2024-04-24 14:23:26,39,56.94,8501,29,controlling center,78,active
322,2024-11-03 01:48:16,82,52.24,28982,37,factory,57,inactive
323,2025-04-23 00:45:48,130,6.41,596,8,data center,17,inactive
324,2024-03-21 12:31:25,111,48.55,13476,4,distribution center,9,error
325,2024-03-27 12:50:39,70,19.94,52,13,distribution center,59,inactive
326,2025-01-09 17:15:24,41,21.02,17697,3,factory,23,error
327,2025-01-07 17:56:50,34,38.02,28890,29,warehouse,69,active
328,2025-04-09 20:08:30,83,5.0,20963,32,data center,11,active
329,2024-05-10 13:51:17,130,23.2,2332,32,factory,100,active
330,2025-03-05 20:34:48,17,66.62,20875,4,warehouse,39,inactive
331,2025-01-10 03:24:38,105,79.06,12702,28,controlling center,32,error
332,2025-03-01 05:19:39,73,40.03,9764,30,distribution center,75,inactive
333,2024-08-06 17:03:38,87,8.83,21212,28,factory,9,error
334,2024-10-15 10:09:27,33,54.66,15284,20,warehouse,8,error
335,2024-03-23 13:04:28,70,45.69,5221,40,controlling center,24,inactive
336,2024-06-09 22:12:30,37,78.99,18140,21,data center,37,active
337,2024-06-28 18:10:12,59,38.75,24433,7,factory,86,inactive
338,2024-08-21 22:41:23,22,89.24,16465,11,controlling center,3,error
339,2025-01-12 13:37:00,4,61.62,18473,28,controlling center,35,inactive
340,2024-03-21 10:33:10,95,21.36,847,20,factory,6,error
341,2024-07-29 09:24:46,6,94.73,6000,23,distribution center,92,active
342,2024-09-27 17:38:55,72,58.15,174,6,distribution center,91,inactive
343,2025-01-11 19:40:40,59,84.69,16781,32,warehouse,100,inactive
344,2025-03-11 13:30:05,79,20.87,28770,19,factory,1,active
345,2024-10-23 20:51:27,23,72.24,17054,26,data center,42,error
346,2025-04-01 17:46:16,90,35.05,6084,15,warehouse,99,inactive
347,2025-02-16 17:43:48,143,50.32,28756,12,controlling center,20,error
348,2024-07-11 00:31:13,55,77.51,12799,27,data center,40,active
349,2024-07-09 22:13:20,146,17.89,21851,26,factory,34,error
350,2024-08-21 07:55:45,138,9.54,25215,14,data center,94,error
351,2024-05-11 16:56:38,19,76.77,10480,13,data center,85,active
352,2024-08-14 21:05:13,30,5.74,27440,32,warehouse,21,active
353,2024-07-22 03:07:05,71,79.79,13570,38,distribution center,98,inactive
354,2025-04-19 07:00:02,68,44.84,5915,9,factory,97,inactive
355,2025-04-05 02:15:37,15,41.54,8164,7,warehouse,100,inactive
356,2024-12-22 04:38:38,142,96.06,7969,11,distribution center,7,error
357,2024-08-12 04:26:56,87,43.57,3345,35,factory,76,error
358,2024-05-14 21:55:41,105,35.04,15958,2,factory,88,error
359,2024-07-25 00:13:20,64,66.41,4981,29,data center,9,active
360,2024-11-29 05:43:23,49,79.24,13204,37,warehouse,9,active
361,2024-09-12 16:19:25,16,50.07,6251,30,controlling center,9,error
362,2025-01-05 19:29:12,124,55.48,12370,29,warehouse,44,inactive
363,2024-10-09 08:40:47,91,25.72,23000,27,warehouse,47,inactive
364,2024-05-31 15:34:39,70,87.41,6008,21,controlling center,3,active
365,2024-05-19 15:39:56,91,69.34,9770,22,controlling center,25,inactive
366,2025-03-08 04:26:50,143,24.17,15475,16,distribution center,81,inactive
367,2025-04-09 11:58:44,4,87.52,4497,10,warehouse,4,active
368,2024-06-18 03:31:31,135,86.66,400,1,data center,12,inactive
369,2024-12-26 06:10:13,23,4.18,4515,19,controlling center,1,error
370,2024-06-18 23:08:47,102,15.92,20093,29,warehouse,87,active
371,2024-12-08 09:17:20,59,86.57,14480,4,factory,94,error
372,2024-07-03 10:01:05,100,20.12,753,24,distribution center,71,active
373,2024-11-15 14:19:06,129,51.47,28424,25,warehouse,75,error
374,2024-08-14 02:25:13,33,80.99,10994,8,controlling center,8,active
375,2024-09-20 17:59:08,52,83.56,13623,26,warehouse,96,inactive
376,2024-03-28 20:45:35,3,40.66,7592,38,factory,92,error
377,2025-04-11 06:10:05,143,63.39,19695,6,warehouse,73,active
378,2024-06-10 02:03:41,88,45.7,25100,21,warehouse,41,active
379,2025-03-10 13:43:48,83,14.91,22019,31,distribution center,69,inactive
380,2024-03-30 18:40:38,138,20.26,7944,26,warehouse,13,inactive
381,2024-09-01 12:52:30,6,14.03,11301,20,data center,37,error
382,2024-08-20 23:03:47,142,88.25,1107,5,data center,65,active
383,2024-05-03 19:14:26,139,41.0,20861,22,controlling center,88,active
384,2024-06-17 11:33:44,71,16.25,7081,16,data center,81,active
385,2024-10-13 01:21:50,12,59.99,238,27,controlling center,57,error
386,2024-11-28 09:40:29,99,62.95,11754,9,warehouse,84,error
387,2024-09-20 07:34:50,67,7.11,4200,30,distribution center,74,error
388,2024-07-08 04:51:17,15,99.93,19136,21,factory,47,active
389,2025-03-14 22:47:39,124,5.93,7828,40,controlling center,20,error
390,2025-01-03 18:22:13,35,59.94,24364,35,controlling center,17,error
391,2025-01-30 05:33:54,70,50.56,23131,12,warehouse,57,inactive
392,2025-04-08 23:12:31,65,6.43,24988,11,factory,3,inactive
393,2024-06-13 07:14:44,100,77.63,27495,38,distribution center,59,inactive
394,2024-04-16 09:40:20,98,50.92,13008,36,data center,67,active
395,2024-07-07 02:08:56,104,46.14,8701,30,warehouse,66,inactive
396,2025-02-20 16:11:43,25,75.98,5895,29,factory,36,active
397,2024-07-10 00:44:51,20,51.2,20471,6,factory,11,active
398,2024-06-09 22:40:57,51,50.89,16741,27,controlling center,29,error
399,2024-04-06 10:34:03,109,64.72,20692,31,distribution center,27,error
400,2025-02-14 11:06:13,141,86.59,17722,21,controlling center,95,inactive
401,2024-10-17 06:57:26,68,51.57,26313,24,distribution center,93,active
402,2024-10-14 19:52:06,76,43.89,1955,5,controlling center,92,error
403,2025-01-07 12:38:06,100,36.55,23563,1,distribution center,23,active
404,2025-04-16 04:13:28,10,89.36,12820,31,warehouse,47,inactive
405,2025-03-25 19:01:16,54,54.56,12949,1,warehouse,98,error
406,2025-04-17 14:07:22,63,26.8,5301,19,data center,5,inactive
407,2025-02-26 14:01:35,47,64.39,14397,34,controlling center,36,active
408,2024-12-01 12:25:22,39,8.6,1446,7,distribution center,97,inactive
409,2024-06-03 10:32:11,92,48.0,6658,26,controlling center,30,error
410,2024-07-13 23:13:02,92,1.74,2333,2,controlling center,59,active
411,2024-09-06 11:32:44,95,32.97,5939,7,controlling center,45,active
412,2024-12-12 19:49:39,116,75.59,23956,8,distribution center,44,inactive
413,2024-12-08 21:08:35,62,82.07,2672,16,distribution center,96,inactive
414,2024-05-23 18:41:19,86,96.2,7375,27,controlling center,43,error
415,2024-09-09 09:55:39,32,39.47,17897,34,distribution center,32,inactive
416,2024-05-27 04:18:19,70,57.0,3725,10,data center,79,active
417,2024-06-24 02:43:40,126,14.19,11237,40,distribution center,37,active
418,2024-05-06 17:04:50,63,43.68,4117,14,factory,73,active
419,2024-11-19 06:29:04,66,56.61,18202,31,distribution center,36,inactive
420,2024-08-08 08:41:38,65,93.68,3322,11,warehouse,78,inactive
421,2025-04-13 17:08:44,20,43.93,17170,34,distribution center,74,error
422,2024-12-23 01:35:20,2,64.39,17791,40,data center,6,error
423,2024-06-08 04:43:18,114,74.44,20275,26,data center,84,error
424,2025-03-10 14:31:16,90,25.76,29067,4,distribution center,88,error
425,2024-03-27 17:59:49,40,3.96,26146,4,distribution center,69,active
426,2025-03-04 00:05:51,87,29.57,27541,18,data center,27,inactive
427,2025-03-22 17:15:15,51,58.61,4324,40,controlling center,17,inactive
428,2025-02-08 13:19:25,61,59.61,7046,11,warehouse,76,inactive
429,2024-05-03 19:28:26,96,99.59,18489,22,data center,71,error
430,2024-07-31 20:06:43,143,60.62,10503,27,factory,68,error
431,2024-12-29 22:57:22,24,90.47,12612,17,factory,86,error
432,2024-04-09 09:21:41,60,61.48,23809,4,factory,84,error
433,2025-02-02 21:46:09,46,20.05,3279,7,distribution center,28,error
434,2024-12-15 04:26:21,111,65.11,21777,21,factory,20,inactive
435,2024-11-26 07:03:45,107,65.8,20246,15,distribution center,50,error
436,2024-07-17 13:07:49,30,48.36,22716,12,data center,26,active
437,2025-03-19 14:46:16,10,32.1,20322,15,warehouse,4,inactive
438,2024-07-07 03:56:25,2,94.3,6727,3,distribution center,12,error
439,2024-11-13 18:03:11,4,95.69,15429,33,factory,36,inactive
440,2024-10-28 09:48:38,99,82.55,17192,16,data center,85,error
441,2024-10-11 00:16:05,35,95.9,5375,31,controlling center,16,inactive
442,2024-07-01 18:49:32,46,92.69,8880,22,data center,30,error
443,2024-06-12 23:20:01,33,48.57,21168,39,data center,60,error
444,2024-05-01 20:37:01,99,80.37,21185,18,distribution center,72,error
445,2024-07-10 21:39:51,143,39.66,24575,31,data center,2,inactive
446,2024-12-31 14:58:41,144,44.09,29356,34,data center,89,active
447,2024-04-08 09:51:32,61,44.65,20382,26,controlling center,56,inactive
448,2025-04-27 09:25:53,140,89.93,2989,34,data center,83,inactive
449,2024-04-28 03:23:48,144,57.28,5646,30,data center,95,inactive
450,2024-08-09 17:45:26,79,12.23,4632,27,factory,71,error
451,2024-05-22 02:01:33,74,76.07,16512,8,warehouse,86,active
452,2024-08-21 20:59:02,114,56.2,5022,19,warehouse,90,active
453,2024-08-31 03:15:30,38,12.8,15428,4,controlling center,64,inactive
454,2024-09-06 08:52:08,37,5.94,14520,10,distribution center,67,error
455,2024-11-04 02:56:32,130,77.39,20540,25,data center,67,inactive
456,2024-05-05 11:19:18,142,83.98,7076,5,factory,77,active
457,2025-01-19 01:15:44,81,28.34,24724,26,factory,68,active
458,2025-01-24 01:15:03,62,68.9,10317,1,factory,53,inactive
459,2024-05-06 06:32:09,123,11.97,15307,27,controlling center,78,active
460,2024-04-15 04:55:00,25,14.31,18406,37,warehouse,31,error
461,2024-06-06 19:33:02,34,4.25,16855,2,controlling center,88,error
462,2024-07-23 14:10:09,104,96.97,29258,34,data center,49,active
463,2025-04-25 08:23:12,57,34.16,6452,7,controlling center,20,error
464,2024-03-21 12:28:12,109,8.43,21517,24,controlling center,14,active
465,2024-12-19 23:52:44,143,50.61,3765,3,data center,73,error
466,2024-08-04 19:55:40,109,59.06,9359,1,warehouse,49,active
467,2025-04-02 22:39:47,9,53.1,21334,33,distribution center,37,error
468,2024-06-14 10:13:43,16,28.71,22219,20,distribution center,61,inactive
469,2024-09-16 00:33:45,92,65.54,9755,25,factory,66,inactive
470,2025-01-02 01:19:09,16,7.48,3111,2,distribution center,25,active
471,2024-10-18 02:19:35,59,71.74,8595,34,warehouse,41,active
472,2025-01-21 10:31:31,63,59.05,9006,13,controlling center,4,error
473,2024-11-06 22:11:22,66,36.26,11093,38,distribution center,62,error
474,2025-02-06 14:28:12,26,10.41,21603,10,warehouse,96,active
475,2024-05-28 20:43:54,71,78.04,19326,6,warehouse,37,active
476,2024-09-13 02:00:32,106,34.4,9616,13,data center,90,active
477,2024-11-21 16:39:12,81,13.54,16143,31,factory,34,inactive
478,2025-01-24 11:11:10,41,86.39,21322,22,controlling center,86,error
479,2025-03-08 07:52:37,135,79.6,29452,16,factory,98,error
480,2024-11-22 08:28:25,31,90.36,13296,3,data center,93,error
481,2024-08-06 07:40:34,17,56.08,16303,32,distribution center,51,inactive
482,2024-07-22 14:42:32,57,41.48,29084,32,factory,43,inactive
483,2025-04-18 05:49:12,31,42.52,11987,29,controlling center,8,active
484,2025-04-04 04:51:21,66,8.91,4233,39,controlling center,53,active
485,2024-12-30 23:27:55,4,76.39,13560,21,controlling center,9,error
486,2025-02-12 01:49:31,87,79.66,13196,27,controlling center,22,inactive
487,2024-09-12 13:35:28,113,72.71,11499,3,controlling center,43,error
488,2025-03-15 08:34:08,132,30.18,23203,28,factory,100,inactive
489,2024-10-25 02:59:20,65,18.15,2923,14,data center,34,error
490,2024-12-14 19:52:17,74,42.49,10630,24,factory,69,error
491,2024-07-04 15:41:02,53,66.57,19361,30,warehouse,22,active
492,2024-06-25 22:51:26,136,61.97,29256,31,distribution center,54,inactive
493,2025-02-07 19:34:39,24,68.05,11316,3,warehouse,6,inactive
494,2025-03-21 13:26:47,33,27.44,3609,25,warehouse,42,inactive
495,2024-04-03 23:38:34,23,6.83,20481,2,data center,68,active
496,2025-03-21 19:20:15,93,28.26,10151,17,warehouse,91,inactive
497,2024-05-23 11:09:58,42,3.02,2646,31,distribution center,11,error
498,2024-10-29 08:44:06,107,92.49,13105,28,factory,14,active
499,2024-06-01 19:47:59,5,81.68,5907,10,data center,79,inactive
500,2025-04-09 14:20:13,78,44.77,27129,14,factory,66,error
501,2024-09-27 15:54:10,140,61.19,15702,28,data center,88,inactive
502,2025-02-22 04:24:35,125,31.53,9692,33,factory,74,active
503,2024-10-12 01:52:25,108,13.18,14354,3,distribution center,85,error
504,2025-01-18 03:42:26,37,29.64,29786,31,factory,14,error
505,2025-02-12 17:05:21,138,16.79,10411,9,controlling center,9,inactive
506,2025-01-24 06:45:25,116,94.16,6982,2,data center,86,inactive
507,2024-06-22 22:05:42,88,88.31,14878,4,factory,26,active
508,2025-03-25 01:37:35,54,87.14,14778,29,factory,72,error
509,2024-05-18 06:02:41,25,21.08,26405,3,distribution center,33,inactive
510,2025-04-02 09:42:51,63,70.06,15382,14,factory,16,active
511,2025-02-23 03:09:56,47,98.73,27027,18,distribution center,50,inactive
512,2024-03-23 05:21:49,127,63.0,755,4,factory,10,active
513,2024-05-05 11:47:41,11,62.81,17033,36,data center,41,active
514,2024-04-16 03:05:47,45,25.23,10008,36,factory,89,error
515,2024-05-01 11:59:12,16,15.4,9622,29,controlling center,44,active
516,2024-12-15 23:48:56,52,87.4,15425,3,controlling center,99,inactive
517,2025-01-17 06:43:54,5,2.3,17032,14,warehouse,43,inactive
518,2025-02-16 06:50:37,141,66.15,25908,25,controlling center,29,active
519,2024-12-16 12:14:53,123,85.55,29085,15,distribution center,48,active
520,2024-12-20 22:44:55,6,76.99,7097,17,data center,71,inactive
521,2024-11-03 12:50:30,101,44.69,17054,31,controlling center,65,inactive
522,2024-04-04 18:56:33,3,47.15,2446,6,controlling center,41,active
523,2024-12-31 04:32:59,30,59.98,6955,10,data center,96,error
524,2024-07-19 03:36:54,85,88.7,21869,9,distribution center,80,inactive
525,2024-03-25 02:54:44,42,7.0,19385,4,distribution center,43,active
526,2024-06-06 18:58:21,71,39.86,12524,24,controlling center,19,active
527,2024-04-26 13:03:07,139,11.59,15148,35,controlling center,10,active
528,2024-03-25 09:39:37,124,10.42,15397,34,warehouse,16,active
529,2025-03-22 10:11:58,58,49.82,3135,32,data center,62,active
530,2024-07-30 20:18:27,47,95.67,10286,24,distribution center,100,active
531,2024-07-06 19:22:48,149,2.57,23683,16,controlling center,9,active
532,2024-09-20 17:57:21,143,44.35,6622,35,controlling center,90,inactive
533,2025-01-04 18:43:11,32,64.65,25597,28,distribution center,5,active
534,2024-10-04 05:37:33,140,2.0,23691,2,distribution center,95,active
535,2024-12-22 13:12:25,67,65.81,29876,2,warehouse,81,active
536,2024-05-14 20:40:01,92,67.3,26976,17,factory,26,inactive
537,2024-05-01 10:59:46,34,49.44,7455,34,controlling center,28,active
538,2025-04-25 08:43:22,142,80.8,24846,32,data center,43,error
539,2024-11-15 18:39:35,19,4.85,13526,34,controlling center,71,active
540,2024-10-13 10:43:47,12,14.31,8488,15,factory,35,active
541,2024-07-01 23:43:47,123,29.78,6930,17,factory,31,active
542,2024-12-05 15:36:27,20,29.23,17533,4,data center,55,inactive
543,2024-08-11 15:00:51,76,95.68,25001,18,distribution center,38,error
544,2024-06-16 17:39:34,3,73.58,16955,6,controlling center,33,error
545,2025-03-11 11:47:28,22,35.31,29438,21,warehouse,46,error
546,2024-08-24 21:43:31,141,58.45,17160,35,controlling center,66,error
547,2024-09-21 10:45:44,64,13.38,8462,7,controlling center,74,error
548,2025-02-16 20:20:26,56,9.91,6128,39,controlling center,17,active
549,2024-12-06 10:28:57,9,88.49,19406,27,distribution center,76,active
550,2024-07-27 03:47:08,53,9.75,9857,2,controlling center,49,error
551,2024-05-06 10:44:00,72,42.73,13089,33,distribution center,55,active
552,2024-10-09 06:29:07,101,9.48,22314,31,warehouse,67,active
553,2024-07-08 13:11:50,24,44.98,15581,34,data center,86,inactive
554,2025-02-11 20:22:04,29,89.46,25845,25,data center,94,active
555,2024-07-23 04:07:39,88,48.12,1559,6,factory,95,error
556,2024-04-29 19:49:43,143,67.11,25657,13,warehouse,47,active
557,2024-10-14 21:00:06,49,61.26,4406,22,factory,4,inactive
558,2024-11-24 15:10:01,15,12.16,22106,39,data center,79,inactive
559,2025-04-26 04:15:51,148,49.14,2445,31,warehouse,65,error
560,2024-08-26 13:36:34,81,61.58,6642,33,warehouse,95,active
561,2025-01-12 01:07:27,65,76.42,24265,27,warehouse,37,error
562,2024-06-25 05:15:53,135,87.94,17914,29,factory,97,active
563,2025-01-18 00:10:51,76,86.0,1722,27,data center,90,error
564,2024-04-13 23:30:39,53,85.75,16844,35,controlling center,80,active
565,2024-10-01 19:56:18,52,32.3,2426,2,distribution center,18,inactive
566,2025-04-17 22:18:07,85,9.19,6338,16,warehouse,72,active
567,2024-08-01 08:46:25,118,22.74,13057,19,distribution center,36,error
568,2024-06-02 06:49:53,122,30.19,8674,11,warehouse,39,inactive
569,2024-06-18 11:05:46,48,37.74,3436,33,factory,21,inactive
570,2024-12-15 01:22:42,61,88.33,16684,31,factory,31,error
571,2024-07-10 05:53:41,52,48.96,14950,40,distribution center,81,inactive
572,2024-09-11 12:29:04,109,99.69,29157,18,distribution center,46,active
573,2024-06-08 22:14:47,24,33.91,22221,32,data center,13,inactive
574,2025-04-20 16:33:59,114,19.53,18050,1,data center,90,inactive
575,2024-11-11 06:00:35,142,97.99,21993,9,data center,21,inactive
576,2024-06-15 14:25:43,135,4.35,12394,26,warehouse,5,error
577,2025-04-09 05:45:07,56,68.86,14199,32,warehouse,29,active
578,2025-03-03 05:37:19,41,89.9,4523,15,distribution center,7,error
579,2025-01-22 20:47:36,108,80.51,25181,9,warehouse,64,inactive
580,2024-07-08 08:58:32,92,35.77,6221,17,warehouse,95,active
581,2024-12-21 09:57:57,93,16.64,19823,2,factory,85,error
582,2024-06-16 07:28:04,124,53.92,17310,21,distribution center,23,active
583,2024-06-10 05:52:22,76,51.25,3847,19,data center,22,error
584,2024-05-14 13:40:16,131,85.72,2011,38,controlling center,88,active
585,2024-10-13 16:31:44,18,10.69,21249,16,warehouse,8,error
586,2024-11-23 15:55:54,120,55.39,17216,2,factory,21,active
587,2025-01-29 07:46:45,134,71.62,2996,1,factory,35,inactive
588,2024-05-22 00:35:37,24,10.38,17770,15,distribution center,88,error
589,2025-02-03 20:24:56,96,37.54,3923,37,controlling center,7,error
590,2025-04-05 11:59:25,13,5.8,6437,4,factory,81,error
591,2024-05-17 08:26:09,74,87.92,15927,31,distribution center,87,active
592,2024-08-26 12:55:48,93,37.2,28537,18,distribution center,31,error
593,2025-04-22 22:14:44,10,88.96,10562,9,distribution center,46,inactive
594,2025-02-17 05:50:02,84,55.02,25670,30,controlling center,78,inactive
595,2024-12-21 12:52:28,32,61.85,3564,5,factory,51,error
596,2024-03-20 23:22:39,8,97.46,17730,24,warehouse,60,error
597,2024-06-13 19:28:28,23,90.25,12765,23,warehouse,57,error
598,2025-03-08 14:40:51,113,67.18,16539,35,factory,75,error
599,2025-02-10 14:04:00,101,99.08,10863,37,controlling center,48,active
600,2025-03-31 08:03:51,55,83.36,28197,35,factory,12,active
601,2024-06-10 11:35:51,47,39.84,2545,28,controlling center,15,inactive
602,2025-02-23 11:14:34,29,10.14,12471,24,distribution center,92,inactive
603,2025-03-04 23:44:01,38,58.79,13952,17,factory,19,error
604,2024-11-30 11:41:21,34,41.51,21166,24,warehouse,61,error
605,2024-06-17 03:09:48,104,9.7,22198,6,factory,5,error
606,2024-12-13 18:03:31,41,14.55,9468,8,factory,52,inactive
607,2025-03-19 15:36:39,6,84.55,157,1,distribution center,48,error
608,2024-05-19 23:57:58,44,10.29,7445,39,warehouse,34,active
609,2024-11-16 00:05:28,77,22.57,13733,16,factory,29,active
610,2024-11-26 13:51:06,115,34.86,20518,23,factory,99,inactive
611,2024-05-05 01:03:30,57,4.31,20325,4,distribution center,50,error
612,2024-04-15 06:56:48,146,87.36,856,18,controlling center,62,active
613,2025-04-05 01:45:23,65,66.04,16806,34,distribution center,32,inactive
614,2025-03-12 00:26:23,86,49.05,2924,37,distribution center,23,error
615,2024-07-05 17:31:06,121,55.06,23327,10,controlling center,94,inactive
616,2024-04-11 09:42:08,150,25.98,10247,24,controlling center,38,active
617,2024-04-07 00:24:01,66,45.97,13455,16,distribution center,24,inactive
618,2025-04-11 02:41:37,117,66.05,6017,24,controlling center,63,active
619,2024-11-20 19:59:51,112,99.53,9768,25,factory,93,inactive
620,2024-08-19 10:13:49,29,36.31,3388,31,factory,72,active
621,2024-07-06 16:22:48,12,51.44,28627,27,factory,27,error
622,2025-04-12 08:07:52,129,44.19,10130,4,factory,94,active
623,2024-06-27 12:27:48,24,67.48,21116,1,data center,79,error
624,2025-02-15 18:02:38,145,83.06,29864,30,warehouse,51,inactive
625,2024-11-24 19:46:29,138,31.48,10775,14,data center,40,active
626,2024-11-19 00:57:10,93,11.31,7201,40,controlling center,67,error
627,2024-12-22 09:46:36,69,88.33,10746,27,controlling center,16,inactive
628,2024-11-02 14:20:21,137,99.06,13972,14,controlling center,94,active
629,2024-07-03 02:26:44,43,2.46,11785,3,warehouse,92,inactive
630,2025-04-03 15:10:13,53,94.46,13377,5,data center,30,active
631,2024-10-14 23:06:42,31,18.23,28391,30,data center,98,active
632,2025-03-10 01:02:13,53,33.04,16135,16,data center,88,error
633,2024-05-10 20:53:00,16,72.36,14,19,data center,97,inactive
634,2024-12-12 10:23:04,5,46.07,15128,16,data center,63,inactive
635,2024-03-28 21:19:25,138,31.1,16439,24,controlling center,2,active
636,2024-09-25 10:40:49,13,28.04,18028,3,factory,20,error
637,2024-12-10 16:43:13,77,12.93,17934,14,controlling center,18,active
638,2024-08-18 01:37:28,68,30.06,24913,12,distribution center,93,inactive
639,2024-06-19 06:24:40,136,29.05,22170,11,controlling center,20,active
640,2024-11-08 23:27:20,145,8.71,6086,23,warehouse,30,error
641,2025-03-14 10:17:20,110,77.99,16001,15,distribution center,46,error
642,2024-06-25 03:56:18,102,25.4,8650,4,controlling center,18,inactive
643,2025-01-24 02:46:47,66,19.76,23805,33,distribution center,12,inactive
644,2025-01-14 07:52:31,133,61.06,28553,14,warehouse,23,inactive
645,2025-04-14 04:21:24,131,25.64,23327,6,distribution center,2,inactive
646,2024-09-27 11:56:29,41,26.9,13621,30,data center,51,error
647,2024-10-04 21:47:38,21,63.44,21304,25,warehouse,58,error
648,2024-12-28 06:43:52,42,86.61,20959,27,distribution center,80,error
649,2025-02-14 09:21:44,83,64.72,7507,15,data center,51,inactive
650,2024-10-13 02:28:34,89,29.14,18787,27,warehouse,91,error
651,2025-04-01 10:31:29,4,26.53,22555,31,data center,39,error
652,2024-09-22 09:08:54,67,98.24,26414,4,distribution center,1,error
653,2024-07-21 02:28:51,141,48.87,27625,24,controlling center,62,active
654,2025-01-11 22:13:49,85,55.73,5584,19,data center,81,inactive
655,2024-08-22 06:24:31,12,42.61,6919,28,data center,55,active
656,2024-12-26 14:23:31,80,53.21,29181,40,distribution center,35,inactive
657,2024-07-20 09:00:51,52,2.08,25970,29,warehouse,50,error
658,2024-09-12 17:50:15,99,26.09,27324,25,controlling center,20,inactive
659,2024-07-09 01:51:51,112,83.14,3714,23,warehouse,34,inactive
660,2025-04-01 23:19:12,96,86.63,26871,26,warehouse,67,inactive
661,2024-11-30 19:18:15,24,14.85,21579,39,factory,45,active
662,2024-03-20 12:16:33,146,5.72,29299,2,distribution center,22,inactive
663,2024-04-25 05:13:36,24,50.84,29950,36,controlling center,58,inactive
664,2024-06-26 05:31:34,146,33.96,29056,31,factory,71,active
665,2025-01-16 15:04:23,134,71.13,16666,34,factory,65,inactive
666,2024-10-07 04:51:42,144,70.4,11422,20,distribution center,95,active
667,2024-03-31 22:13:00,54,4.49,5175,26,distribution center,53,active
668,2025-03-09 11:20:09,136,44.47,26430,38,factory,13,error
669,2024-08-09 19:41:18,78,37.36,27074,12,warehouse,11,inactive
670,2024-05-26 14:30:02,121,56.47,15554,4,controlling center,77,error
671,2024-09-14 07:49:55,55,1.58,21813,8,distribution center,32,inactive
672,2025-03-23 00:04:30,9,58.64,3607,15,distribution center,23,active
673,2025-03-13 04:11:07,52,65.55,23806,32,data center,1,inactive
674,2024-10-21 15:03:19,71,76.86,7828,3,factory,4,error
675,2024-04-26 23:08:51,25,36.63,8076,22,distribution center,86,active
676,2024-07-09 04:03:26,129,21.9,25781,8,warehouse,15,error
677,2024-06-08 01:05:47,39,99.23,11438,1,factory,33,inactive
678,2024-04-08 15:57:54,138,31.26,5429,5,factory,35,active
679,2024-07-16 14:01:24,15,35.75,28307,11,distribution center,20,active
680,2024-06-04 15:19:34,109,69.28,13576,11,factory,71,active
681,2025-02-13 06:53:20,30,96.97,3175,6,controlling center,75,inactive
682,2024-12-28 07:17:43,138,48.58,24356,17,factory,77,inactive
683,2025-02-10 15:02:52,91,90.27,19329,5,factory,92,error
684,2025-04-24 16:37:49,92,62.73,20015,17,distribution center,43,error
685,2024-10-28 20:06:33,120,10.14,18776,18,data center,77,error
686,2024-09-26 02:30:12,122,73.94,20662,20,warehouse,72,error
687,2024-06-18 06:28:33,65,68.15,24142,37,factory,4,inactive
688,2024-06-05 03:11:11,25,1.42,4970,21,factory,41,inactive
689,2024-05-30 06:15:08,73,96.81,21288,28,warehouse,65,error
690,2025-03-24 17:11:40,97,98.59,26702,40,data center,38,inactive
691,2024-06-07 12:25:15,75,35.12,18823,37,controlling center,66,active
692,2024-07-18 18:39:52,102,79.98,15062,29,controlling center,99,active
693,2024-05-27 01:49:30,46,90.35,28250,15,data center,46,error
694,2024-09-25 17:43:51,106,7.99,20175,25,warehouse,33,error
695,2025-01-30 10:54:10,147,46.0,12944,11,data center,55,active
696,2024-05-20 03:26:41,11,94.22,2105,1,distribution center,78,active
697,2025-04-14 05:06:45,92,53.83,23527,19,data center,97,inactive
698,2024-12-18 22:18:34,124,41.62,11422,14,warehouse,25,inactive
699,2025-01-20 03:20:45,70,9.93,12154,14,warehouse,20,error
700,2024-10-31 00:56:06,121,28.58,11336,30,warehouse,70,active
701,2024-12-19 03:38:06,37,2.94,28554,18,warehouse,8,inactive
702,2025-03-31 04:48:46,26,66.24,10637,17,controlling center,46,inactive
703,2024-06-05 10:53:54,3,65.41,26207,19,warehouse,89,inactive
704,2024-06-22 11:59:58,74,27.43,9141,20,data center,80,error
705,2024-08-03 05:49:41,12,58.97,6300,11,controlling center,87,active
706,2024-07-14 05:27:14,150,26.48,28440,33,data center,20,inactive
707,2024-11-17 15:18:32,47,88.14,85,10,factory,50,error
708,2024-11-10 06:19:33,59,16.29,24697,4,data center,68,error
709,2025-02-03 01:38:33,138,46.2,17402,9,distribution center,79,inactive
710,2025-01-05 12:34:24,143,82.8,8798,13,controlling center,73,inactive
711,2025-02-17 04:54:12,72,45.91,28584,5,warehouse,25,error
712,2025-02-11 22:08:41,141,97.77,1113,10,distribution center,87,error
713,2024-07-30 09:22:30,39,96.06,3689,19,controlling center,74,error
714,2024-11-05 23:04:24,122,96.84,20753,23,controlling center,43,error
715,2025-02-22 10:20:59,20,69.85,22517,39,data center,58,error
716,2025-03-26 14:07:23,9,9.73,5481,39,controlling center,27,inactive
717,2024-04-30 06:28:29,44,73.77,26069,18,data center,74,inactive
718,2024-07-30 13:35:59,64,16.46,4536,26,factory,32,active
719,2024-11-14 07:06:42,38,29.39,16064,30,data center,41,inactive
720,2025-01-04 00:58:22,45,85.99,26039,18,data center,5,inactive
721,2025-04-08 00:56:04,75,62.34,29118,16,warehouse,54,active
722,2024-06-24 03:18:10,81,38.25,18083,26,controlling center,41,inactive
723,2024-06-14 18:30:42,64,19.96,9570,36,factory,60,inactive
724,2024-11-15 10:47:00,55,26.55,489,17,warehouse,11,active
725,2024-09-19 08:42:31,131,64.12,24856,8,controlling center,12,error
726,2025-02-16 17:19:44,123,38.1,29421,28,distribution center,5,active
727,2024-06-25 18:13:34,31,73.79,18875,12,distribution center,55,active
728,2024-04-04 17:34:12,140,73.6,15121,13,controlling center,2,active
729,2024-05-17 16:05:03,35,73.86,14880,29,factory,97,inactive
730,2025-04-07 07:36:26,66,31.65,37,35,data center,70,active
731,2024-12-23 02:12:58,4,51.45,10112,17,distribution center,58,error
732,2024-09-08 11:22:07,101,96.68,14993,35,distribution center,12,active
733,2024-11-14 07:55:55,17,67.27,24146,13,warehouse,80,inactive
734,2024-11-15 16:26:30,97,20.28,6315,19,factory,26,error
735,2024-12-29 11:19:54,127,1.91,4061,36,warehouse,51,inactive
736,2024-12-12 19:09:42,97,34.07,25363,8,distribution center,74,error
737,2024-04-13 15:04:12,81,64.88,28413,34,distribution center,88,error
738,2024-04-13 03:24:37,15,44.1,27942,19,controlling center,75,active
739,2024-10-04 23:26:58,20,31.77,13481,9,data center,10,inactive
740,2024-12-25 11:37:33,122,70.85,10392,4,warehouse,76,error
741,2025-04-22 02:10:26,69,93.42,6538,36,warehouse,37,error
742,2025-03-21 23:33:44,111,74.96,22991,11,factory,55,error
743,2024-05-17 19:26:55,44,11.69,5175,35,data center,73,inactive
744,2025-02-14 07:37:42,103,26.12,20043,4,factory,34,active
745,2024-07-31 02:38:17,27,84.16,4729,22,controlling center,39,inactive
746,2025-04-20 02:40:52,20,72.74,23443,29,factory,41,active
747,2025-03-26 14:13:48,44,18.03,10861,17,distribution center,78,error
748,2024-04-27 07:29:01,66,7.35,2608,5,factory,10,active
749,2025-03-12 21:08:29,130,23.89,27902,19,data center,66,error
750,2024-04-24 05:23:37,69,82.83,2118,4,controlling center,53,inactive
751,2025-04-21 20:47:43,120,35.87,3780,3,controlling center,40,inactive
752,2024-11-11 01:44:01,109,67.08,25047,40,data center,90,error
753,2024-08-08 16:40:08,111,16.0,20344,36,warehouse,32,error
754,2024-12-27 17:47:47,17,93.97,23121,17,distribution center,87,inactive
755,2024-12-11 01:30:57,9,77.83,4071,34,data center,24,inactive
756,2025-03-12 17:42:50,135,23.63,12285,19,data center,47,inactive
757,2024-06-25 05:39:24,60,31.87,25322,23,factory,17,active
758,2024-06-15 00:00:18,89,38.38,24320,27,factory,88,inactive
759,2025-01-15 21:46:19,56,51.43,15764,22,controlling center,19,error
760,2024-07-29 10:23:49,63,62.84,18807,18,controlling center,69,error
761,2025-01-16 23:01:48,37,13.38,8330,1,controlling center,11,inactive
762,2024-06-15 01:47:33,61,69.98,8625,30,controlling center,7,error
763,2024-12-06 15:08:04,40,1.07,22732,38,warehouse,37,inactive
764,2024-07-20 02:36:18,22,75.4,16057,16,warehouse,64,inactive
765,2025-04-24 08:25:40,58,9.66,28159,17,data center,97,active
766,2024-06-15 21:30:32,34,15.43,7228,24,distribution center,26,error
767,2024-12-23 07:11:07,47,79.37,5489,3,data center,38,error
768,2025-02-28 20:54:58,45,40.94,26503,34,data center,99,inactive
769,2025-01-16 10:44:08,12,84.42,2306,15,data center,98,inactive
770,2024-07-06 12:25:41,78,19.37,23834,38,controlling center,98,inactive
771,2025-04-14 05:38:19,141,23.98,18577,15,warehouse,34,error
772,2024-07-08 08:13:04,56,25.36,26323,39,data center,59,active
773,2024-09-10 05:24:16,9,67.63,10660,12,controlling center,91,active
774,2024-05-17 03:03:40,78,58.64,643,39,distribution center,25,inactive
775,2024-05-16 01:13:16,91,35.85,13109,34,data center,19,error
776,2024-10-30 11:12:31,148,24.72,13489,27,data center,61,active
777,2024-09-08 03:58:48,39,93.33,19171,15,distribution center,9,active
778,2024-12-24 09:28:58,70,80.88,22915,33,data center,46,active
779,2025-02-21 07:47:06,64,6.65,25701,12,controlling center,14,active
780,2025-04-05 19:59:13,58,21.17,133,11,distribution center,76,inactive
781,2025-03-19 22:02:46,96,32.22,4702,32,controlling center,40,inactive
782,2025-02-18 17:26:08,139,49.18,22542,20,data center,70,active
783,2024-11-19 19:48:55,17,1.41,10171,37,factory,64,error
784,2024-09-29 11:27:36,59,54.69,8349,39,controlling center,86,inactive
785,2024-07-27 03:22:34,93,3.55,10091,31,controlling center,11,active
786,2024-09-01 07:02:10,97,56.9,13108,16,warehouse,87,active
787,2024-06-27 06:16:18,25,68.08,26650,14,factory,78,error
788,2024-04-25 12:19:41,104,8.39,27176,7,warehouse,51,active
789,2024-07-09 02:57:09,20,8.35,22784,9,distribution center,52,error
790,2025-01-07 09:59:46,40,55.97,25538,8,controlling center,53,error
791,2024-05-07 01:43:29,134,4.39,27064,29,data center,73,inactive
792,2024-08-06 07:37:04,134,17.41,22925,27,distribution center,46,error
793,2024-12-28 00:54:00,133,32.9,4407,12,distribution center,88,error
794,2025-02-22 11:12:49,75,30.3,13219,31,warehouse,25,error
795,2025-03-30 03:11:29,133,80.64,14866,22,factory,27,inactive
796,2024-09-01 10:21:49,78,17.29,29643,14,factory,67,inactive
797,2024-08-14 18:23:17,88,22.3,16809,13,data center,93,error
798,2024-11-24 06:28:39,60,22.99,14652,6,data center,76,error
799,2025-01-07 03:23:08,46,15.1,13097,39,data center,44,inactive
800,2024-11-13 12:06:35,80,39.65,20091,10,distribution center,87,error
801,2024-05-30 06:35:57,23,34.32,714,19,controlling center,13,active
802,2025-03-26 22:06:25,53,66.71,25384,9,controlling center,26,error
803,2024-05-10 15:58:03,124,54.43,5405,22,controlling center,15,error
804,2024-08-22 00:42:00,72,62.41,3998,32,controlling center,81,error
805,2024-06-02 10:07:31,107,46.85,21434,17,warehouse,52,active
806,2025-02-20 04:39:26,2,68.48,3413,1,factory,41,inactive
807,2025-03-02 15:29:14,136,66.89,29348,5,controlling center,60,active
808,2024-05-26 02:37:55,13,87.59,21319,24,factory,61,error
809,2024-07-27 18:55:47,106,24.61,27919,25,factory,67,error
810,2025-04-06 11:02:25,91,29.83,20369,23,data center,95,inactive
811,2025-03-07 12:06:11,57,4.8,17554,8,controlling center,27,active
812,2025-01-10 10:45:25,19,10.94,29195,23,controlling center,38,inactive
813,2024-12-08 23:40:13,147,68.93,22377,36,distribution center,9,error
814,2024-08-23 08:49:27,4,24.71,5875,40,distribution center,45,inactive
815,2025-02-24 01:30:57,128,11.66,27952,38,warehouse,52,active
816,2024-09-24 18:52:28,35,69.0,25835,40,distribution center,24,inactive
817,2024-12-28 15:38:21,134,86.59,5141,34,controlling center,41,inactive
818,2024-07-29 16:22:01,148,47.52,27371,31,data center,45,active
819,2025-04-10 04:36:29,76,54.05,2539,22,warehouse,58,inactive
820,2024-05-05 18:55:41,88,27.48,14920,32,factory,33,active
821,2025-03-25 04:24:50,141,47.82,27541,1,controlling center,73,error
822,2024-05-29 09:06:52,71,41.71,15119,18,factory,55,error
823,2024-06-02 02:23:05,70,57.73,436,6,distribution center,58,error
824,2024-06-17 16:00:36,132,40.79,29804,39,distribution center,50,inactive
825,2024-04-10 05:54:52,22,74.55,7480,32,controlling center,2,error
826,2025-04-09 15:27:08,85,39.78,18718,30,factory,53,inactive
827,2024-04-22 01:40:21,9,6.73,12591,4,factory,19,error
828,2024-04-23 21:33:19,49,43.51,25849,29,factory,54,error
829,2025-04-02 05:38:13,141,81.15,26839,17,controlling center,55,inactive
830,2024-08-22 02:28:11,147,89.76,23850,3,factory,69,error
831,2025-04-07 05:45:15,9,78.48,7453,4,controlling center,18,error
832,2025-01-26 23:05:15,89,89.83,10414,7,distribution center,25,inactive
833,2024-05-15 02:35:57,20,88.94,5466,34,controlling center,23,inactive
834,2024-06-24 07:03:46,142,79.88,12547,11,warehouse,30,inactive
835,2024-03-29 00:11:43,91,65.53,3348,8,warehouse,95,inactive
836,2024-11-11 04:03:29,70,68.02,9793,30,data center,71,active
837,2025-01-18 09:40:45,96,70.15,24740,23,controlling center,41,active
838,2025-02-09 02:22:55,67,68.0,24509,31,distribution center,67,error
839,2025-01-17 16:03:42,83,41.6,1304,5,factory,7,active
840,2025-02-09 20:50:51,76,55.43,26496,31,warehouse,63,active
841,2025-02-04 13:44:10,114,27.73,8401,17,warehouse,51,inactive
842,2024-05-11 15:14:20,18,29.29,20501,31,controlling center,53,error
843,2024-10-01 12:28:43,148,97.3,23655,22,factory,57,error
844,2024-06-27 04:52:47,38,71.82,20731,30,data center,69,error
845,2024-10-02 05:12:39,76,60.46,27770,14,factory,78,error
846,2024-12-22 09:20:01,123,36.64,4703,3,controlling center,29,active
847,2025-04-16 22:21:50,47,29.43,6881,19,warehouse,83,inactive
848,2024-09-07 18:46:58,16,3.18,7223,8,warehouse,24,error
849,2024-06-07 06:20:20,7,87.43,2012,1,distribution center,39,inactive
850,2024-07-09 01:31:21,75,93.17,12562,40,distribution center,75,active
851,2024-09-10 10:04:46,105,49.11,1233,20,warehouse,21,inactive
852,2024-11-21 03:48:34,30,12.6,12110,34,distribution center,12,inactive
853,2024-05-27 08:06:17,25,44.03,19721,40,data center,48,error
854,2024-04-04 05:55:22,127,27.82,18522,19,distribution center,98,error
855,2024-07-25 10:00:54,118,24.88,1447,38,factory,78,active
856,2024-10-28 05:38:16,131,90.31,24133,35,factory,52,active
857,2024-06-27 00:36:01,23,5.1,19192,28,warehouse,88,inactive
858,2024-10-20 17:17:04,95,47.38,12624,10,data center,70,inactive
859,2024-09-04 15:31:36,62,3.2,6091,23,controlling center,99,error
860,2024-09-30 13:54:41,4,21.42,7915,7,distribution center,17,error
861,2024-05-31 13:42:33,47,70.06,11320,31,warehouse,91,inactive
862,2024-06-05 08:44:22,9,26.25,28302,15,distribution center,82,inactive
863,2025-02-15 01:44:14,107,60.69,16178,13,distribution center,50,error
864,2024-10-10 07:23:24,122,42.92,22889,21,distribution center,27,active
865,2025-03-22 03:34:01,142,95.93,6278,20,factory,26,inactive
866,2024-10-08 11:19:20,111,16.71,4608,36,factory,65,error
867,2024-11-10 22:09:50,48,32.2,26352,26,distribution center,87,inactive
868,2024-09-15 19:40:16,141,57.13,8554,9,distribution center,7,error
869,2024-09-21 18:59:35,8,78.13,4133,7,distribution center,81,error
870,2024-07-25 08:47:48,116,82.76,29048,34,factory,67,error
871,2024-04-15 08:07:09,106,39.21,2566,6,controlling center,19,inactive
872,2024-08-12 08:21:23,58,76.31,8954,30,data center,32,inactive
873,2024-12-22 06:26:37,108,25.08,13114,19,controlling center,99,inactive
874,2025-04-04 11:44:18,118,58.33,185,25,data center,70,error
875,2025-03-25 18:29:57,7,83.56,19254,18,factory,86,active
876,2024-09-18 13:48:30,54,87.73,6579,13,controlling center,46,error
877,2024-12-20 13:08:12,8,10.82,17722,13,distribution center,19,inactive
878,2024-11-29 09:24:23,55,46.89,1804,6,data center,72,error
879,2025-02-23 02:57:27,139,23.34,28801,1,warehouse,60,error
880,2025-03-23 09:08:05,130,7.59,10740,30,distribution center,13,active
881,2024-08-15 14:32:48,133,6.81,14641,7,distribution center,40,inactive
882,2024-07-26 08:21:55,66,97.83,11549,12,factory,17,error
883,2024-08-31 05:28:50,35,35.5,14620,15,data center,2,inactive
884,2025-02-02 00:03:19,143,11.26,7062,33,data center,34,active
885,2025-03-19 15:05:17,4,81.58,5961,23,data center,43,inactive
886,2024-07-05 15:51:39,63,79.75,4921,16,data center,90,inactive
887,2024-07-13 17:46:29,74,91.94,13202,6,data center,92,error
888,2024-03-29 16:02:15,79,78.24,16993,5,distribution center,42,active
889,2024-06-15 14:54:00,98,76.07,13368,17,data center,53,inactive
890,2024-05-27 22:17:17,55,11.37,11024,33,warehouse,93,active
891,2024-06-03 22:42:42,114,50.38,11850,12,distribution center,76,inactive
892,2025-02-27 07:16:12,18,5.44,14420,27,data center,5,inactive
893,2024-08-17 00:38:08,88,14.14,22678,25,distribution center,53,active
894,2024-08-31 15:43:50,46,46.59,29378,37,distribution center,58,inactive
895,2024-08-05 19:02:47,146,4.45,14395,7,data center,50,error
896,2025-03-29 07:28:47,144,27.21,21972,31,factory,99,active
897,2024-10-16 09:50:21,70,95.31,25327,27,warehouse,29,active
898,2025-02-25 04:24:15,35,51.38,515,19,data center,49,active
899,2024-07-17 07:59:27,116,11.91,23929,22,controlling center,56,inactive
900,2025-03-03 04:05:20,89,95.88,1885,17,factory,38,active
901,2024-10-20 23:14:07,71,76.64,16421,40,warehouse,61,error
902,2024-08-29 20:52:52,96,98.58,5438,1,factory,84,active
903,2024-10-22 19:02:29,128,38.65,2623,18,warehouse,78,inactive
904,2025-04-25 11:27:23,132,35.88,6861,6,factory,12,error
905,2025-03-04 20:43:21,42,7.98,23853,14,data center,48,inactive
906,2024-12-05 18:55:44,122,46.06,14923,11,distribution center,94,error
907,2025-02-22 01:31:14,103,19.56,5485,22,data center,96,active
908,2024-12-10 14:57:07,138,77.56,15984,4,warehouse,18,inactive
909,2024-11-19 22:18:06,23,42.45,26567,31,distribution center,5,error
910,2024-08-13 22:16:24,134,35.65,16846,6,factory,88,error
911,2024-05-13 09:50:45,26,39.34,11754,7,warehouse,71,active
912,2024-06-02 17:42:27,93,46.81,6230,7,distribution center,34,inactive
913,2025-03-06 10:48:14,79,11.7,26763,20,data center,89,error
914,2025-03-07 19:54:53,138,41.85,11782,17,warehouse,94,error
915,2024-07-02 08:44:03,51,87.18,10375,34,warehouse,82,inactive
916,2024-12-09 16:11:49,45,48.02,18377,21,factory,83,error
917,2024-08-17 14:26:43,109,15.2,16130,28,data center,90,inactive
918,2024-07-24 05:41:08,92,79.12,542,31,controlling center,19,active
919,2024-04-11 01:59:54,55,86.47,10707,25,distribution center,77,error
920,2024-09-25 02:43:31,123,3.76,19162,27,factory,44,inactive
921,2024-06-09 22:06:46,116,36.53,14314,38,data center,92,error
922,2024-05-23 20:13:48,79,59.22,2097,16,factory,45,inactive
923,2024-05-20 01:25:48,13,24.57,5226,36,factory,12,error
924,2024-06-01 04:18:38,49,60.63,25454,1,data center,26,error
925,2024-07-02 20:09:27,14,12.13,1656,7,factory,90,error
926,2024-10-21 15:43:44,74,52.32,4754,35,factory,62,error
927,2024-09-14 20:45:53,68,78.45,20952,40,data center,66,active
928,2024-11-01 01:39:04,87,42.61,28388,8,controlling center,19,active
929,2024-09-10 22:45:57,83,71.02,9682,35,factory,27,error
930,2024-12-09 22:57:47,74,68.46,9850,17,warehouse,27,inactive
931,2024-12-07 18:07:29,95,98.67,25540,20,warehouse,73,inactive
932,2024-12-12 02:18:04,119,98.33,18515,1,data center,85,error
933,2024-06-28 12:39:36,93,9.7,20132,15,distribution center,57,error
934,2024-11-06 23:16:33,75,18.96,5183,12,distribution center,27,error
935,2024-11-18 04:32:11,149,72.4,29850,35,controlling center,38,active
936,2024-11-28 04:04:51,88,86.1,18598,32,factory,49,inactive
937,2024-04-12 20:55:27,17,59.11,10917,28,distribution center,46,inactive
938,2024-11-18 12:23:51,95,30.41,16712,24,controlling center,45,active
939,2025-01-29 14:47:22,7,53.51,29842,9,factory,32,active
940,2024-07-07 09:35:20,101,31.73,27136,11,controlling center,94,error
941,2024-10-25 10:56:57,88,46.82,11583,21,data center,36,error
942,2025-01-27 02:32:31,148,64.67,2255,23,factory,58,error
943,2025-01-06 03:11:18,78,31.87,22184,27,warehouse,9,error
944,2024-04-18 16:32:57,93,6.37,2540,2,data center,31,active
945,2024-04-21 04:55:50,73,91.09,15461,3,warehouse,4,error
946,2024-09-23 05:17:59,98,86.83,9678,19,warehouse,22,active
947,2025-04-03 20:57:08,17,33.09,17748,12,warehouse,47,error
948,2024-04-03 23:03:57,50,65.37,12324,23,factory,37,active
949,2024-03-21 20:02:23,132,66.53,13955,7,data center,65,active
950,2024-06-12 17:15:59,82,22.73,11388,19,factory,40,active
951,2024-06-29 19:35:10,136,73.46,16496,37,distribution center,19,active
952,2024-12-19 04:45:37,69,53.61,2263,34,data center,98,active
953,2024-07-23 18:27:27,57,81.69,20200,40,data center,8,error
954,2024-04-05 11:50:51,74,88.76,15375,15,distribution center,87,active
955,2025-02-01 14:50:04,37,76.7,25445,39,controlling center,83,error
956,2024-05-13 12:49:38,99,17.9,26965,4,warehouse,18,active
957,2024-12-28 07:34:25,11,48.58,12880,32,distribution center,81,error
958,2024-06-03 23:36:29,74,17.09,19281,3,data center,1,error
959,2025-04-04 11:26:34,86,66.8,11339,40,factory,13,error
960,2024-11-23 19:27:24,12,43.68,6200,17,controlling center,21,error
961,2024-07-10 15:38:59,29,59.1,23437,25,data center,88,inactive
962,2024-07-02 13:18:02,85,80.88,6955,35,warehouse,61,active
963,2024-05-21 07:21:36,91,52.99,10142,13,factory,84,error
964,2024-06-15 17:00:16,34,55.38,1473,16,factory,91,inactive
965,2024-08-17 02:12:57,42,61.95,23319,15,warehouse,7,active
966,2025-01-23 13:03:14,25,94.56,20362,21,data center,49,active
967,2024-12-10 11:45:02,12,36.26,25507,40,warehouse,83,inactive
968,2024-05-29 03:44:10,87,93.96,25493,11,distribution center,26,active
969,2025-02-21 20:53:45,47,2.92,8311,39,factory,19,inactive
970,2025-03-27 04:32:01,66,9.62,20677,28,warehouse,54,inactive
971,2024-07-13 00:43:18,7,62.53,29406,9,data center,42,error
972,2024-08-10 08:53:35,100,47.69,3084,21,controlling center,24,active
973,2024-05-28 04:39:28,134,27.79,10716,40,data center,1,error
974,2024-06-10 11:02:27,21,79.28,2843,30,controlling center,54,inactive
975,2024-11-18 21:43:31,48,48.14,16452,15,controlling center,47,active
976,2024-05-22 07:35:02,26,59.42,29097,37,data center,4,inactive
977,2024-09-10 00:18:15,15,38.21,23454,32,factory,98,active
978,2024-12-30 23:50:38,113,89.68,14732,31,distribution center,60,inactive
979,2024-08-03 00:33:38,20,94.9,17744,18,warehouse,59,error
980,2024-12-05 08:05:21,148,31.95,10494,40,distribution center,59,active
981,2025-01-27 11:24:32,27,67.39,15710,34,warehouse,46,inactive
982,2024-08-17 01:59:33,20,72.81,12181,7,distribution center,88,error
983,2024-10-24 04:26:38,87,24.0,9629,33,data center,73,error
984,2024-11-19 00:48:46,99,81.19,2062,17,controlling center,67,active
985,2025-03-31 16:01:33,50,91.0,15315,18,data center,97,error
986,2024-10-13 03:43:15,45,54.99,18241,16,factory,93,error
987,2024-11-28 15:04:02,112,49.07,19581,10,data center,2,inactive
988,2024-05-08 16:33:28,77,23.54,23818,12,controlling center,27,inactive
989,2024-05-24 21:11:32,9,55.97,13610,23,factory,53,error
990,2024-05-19 15:42:34,83,4.16,4229,12,factory,74,error
991,2024-08-18 22:42:18,10,53.67,276,30,controlling center,67,error
992,2025-03-31 03:14:53,29,76.68,10752,15,warehouse,17,inactive
993,2025-01-28 00:49:37,106,48.15,16480,39,factory,76,active
994,2024-07-09 10:37:33,5,24.81,4915,27,data center,66,active
995,2024-09-15 21:26:32,54,4.7,18742,23,distribution center,34,active
996,2024-11-28 13:31:04,95,42.49,59,13,distribution center,67,active
997,2025-04-24 13:21:42,143,8.93,13104,15,factory,29,inactive
998,2024-07-14 01:03:46,49,70.59,12631,6,distribution center,48,inactive
999,2024-11-13 15:57:08,117,39.22,453,7,data center,43,error
1000,2025-04-15 15:52:21,90,10.32,11348,25,warehouse,48,error
